[
    {
        "id": 1,
        "nome_locale": "Music Lounge",
        "luogo": "Ponte3-Piano2",
        "posti": 150
    },
    {
        "id": 2,
        "nome_locale": "Teatro",
        "luogo": "Ponte8-Piano3",
        "posti": 350
    },
    {
        "id": 3,
        "nome_locale": "Casino'",
        "luogo": "Ponte7-Piano4",
        "posti": 450
    },
    {
        "id": 4,
        "nome_locale": "Piscina",
        "luogo": "Ponte5-Piano9",
        "posti": 150
    }
]