[
    {
        "id": 1,
        "evento_id": 1,
        "data_ora": "27-07-2024-20:30:00",
        "annullato": 0
    },
    {
        "id": 2,
        "evento_id": 1,
        "data_ora": "28-07-2024-20:30:00",
        "annullato": 0
    },
    {
        "id": 3,
        "evento_id": 1,
        "data_ora": "29-07-2024-20:30:00",
        "annullato": 0
    },
    {
        "id": 4,
        "evento_id": 2,
        "data_ora": "01-08-2024-20:30:00",
        "annullato": 0
    },
    {
        "id": 5,
        "evento_id": 3,
        "data_ora": "30-07-2024-21:00:00",
        "annullato": 0
    },
    {
        "id": 6,
        "evento_id": 4,
        "data_ora": "27-07-2024-21:00:00",
        "annullato": 1
    }
]