[
    {
        "id": 1,
        "cognome": "Cassini",
        "nome": "Antonio",
        "telefono": "3351122333",
        "email": "casi.anto@mail.com",
        "password": "Cassini77!"
    },
    {
        "id": 2,
        "cognome": "Benedetti",
        "nome": "Bianca",
        "telefono": "3384455666",
        "email": "b.bianca@usrmail.it",
        "password": "benBianca44_"
    },
    {
        "id": 3,
        "cognome": "Siciliano",
        "nome": "Elena",
        "telefono": "3389988555",
        "email": "sic89@tel.com",
        "password": "sicEl55!"
    },
    {
        "id": 4,
        "cognome": "Fornari",
        "nome": "Enrico",
        "telefono": "3335566223",
        "email": "for.enrico@mail.com",
        "password": "Enrico99."
    }
]